Rank,Name,Section/Region,County,Height,"Prom.
(m)","Height
(ft)","Prom.
(ft)",Topo Map,"OS Grid
Reference","Classification
(§ DoBIH codes)"
1,Beinn a' Chlaidheimh,14A: Loch Maree to Loch Broom,Highland,913.96,268,"2,999",879,19,NH061775,"Ma,C,Sim,xMT"
2,Beinn Dearg,13A: Loch Torridon to Loch Maree,Highland,913.7,469,"2,998","1,539",19 24,NG895608,"Ma,C,Sim"
3,Sgùrr nan Ceannaichean,12A: Kyle of Lochalsh to Garve,Highland,913.43,185,"2,997",607,25,NH087480,"Ma,C,Sim,xMT"
4,Sgùrr a' Choire-bheithe,10B: Knoydart to Glen Kingie,Highland,913.32,390,"2,996","1,280",33,NG895015,"Ma,C,Sim"
5,Beinn Bhreac,06A: Glen Tromie to Glen Tilt,Perth and Kinross,912.44,171,"2,994",561,43,NN868820,"Ma,C,Sim"
6,Leathad an Taobhain,06A: Glen Tromie to Glen Tilt,Highland/Perth and Kinross,911.7,155,"2,991",509,43,NN821858,"Ma,C,Sim"
7,The Fara,04B: Loch Treig to Loch Ericht,Highland,911.4,475,"2,990","1,558",42,NN598842,"Ma,C,Sim"
8,Foinaven,16B: Durness to Loch Shin,Highland,911.05,688,"2,989","2,257",9,NC315506,"Ma,C,Sim"
9,Beinn nan Oighreag,02B: Glen Lyon to Glen Dochart & Loch Tay,Perth and Kinross/Stirling,909.6,272,"2,984",892,51,NN541412,"Ma,C,Sim"
10,Streap,10D: Mallaig to Fort William,Highland,909,438,"2,982","1,437",40,NM946863,"Ma,C,Sim"
11,Meall Buidhe,02A: Loch Rannoch to Glen Lyon,Argyll and Bute/Perth and Kinross,908.2,259,"2,980",850,51,NN426449,"Ma,C,Sim"
12,Fuar Tholl,13B: Applecross to Achnasheen,Highland,907,242,"2,976",794,25,NG975489,"Ma,C,Sim"
13,Leum Uilleim,04A: Fort William to Loch Treig & Loch Leven,Highland,906.5,496,"2,974","1,627",41,NN330641,"Ma,C,Sim"
14,Beinn Maol Chaluim,03B: Loch Linnhe to Loch Etive,Highland,906.3,197,"2,973",650,41,NN134525,"Ma,C,Sim"
15,Beinn Dearg Mòr,14A: Loch Maree to Loch Broom,Highland,906.28,564,"2,973","1,850",19,NH032799,"Ma,C,Sim"
16,Ben Tee,10C: Loch Arkaig to Glen Moriston,Highland,904,356,"2,966","1,168",34,NN240972,"Ma,C,Sim"
17,Beinn Damh,13B: Applecross to Achnasheen,Highland,903,518,"2,963","1,699",24,NG892502,"Ma,C,Sim"
18,Ben Vuirich,06B: Pitlochry to Braemar & Blairgowrie,Perth and Kinross,903,345,"2,963","1,132",43,NN997700,"Ma,C,Sim"
19,Beinn an Lochain,19C: Loch Fyne to Bute and the Firth of Clyde,Argyll and Bute,901.7,640,"2,958","2,100",56,NN218078,"Ma,C,Sim,xMT"
20,Sgùrr an Fhuarain,10B: Knoydart to Glen Kingie,Highland,901,183,"2,956",600,33 40,NM987979,"Ma,C,Sim"
21,Beinn Mheadhonach,06A: Glen Tromie to Glen Tilt,Perth and Kinross,900.9,164.7,"2,956",540,43,NN880759,"Ma,C,Sim"
22,Beinn Odhar,02B: Glen Lyon to Glen Dochart & Loch Tay,Argyll and Bute/Stirling,900.8,457,"2,955","1,499",50,NN337338,"Ma,C,Sim"
23,Culardoch,08B: Cairngorms,Aberdeenshire,900,312,"2,953","1,024",36 43,NO193988,"Ma,C,Sim"
24,Aonach Buidhe,12B: Killilan to Inverness,Highland,899,474,"2,949","1,555",25,NH057324,"Ma,C,Sim"
25,Sgùrr nan Eugallt,10B: Knoydart to Glen Kingie,Highland,897.5,612,"2,945","2,008",33,NG927048,"Ma,C,Sim"
26,Beinn a' Bhuiridh,03C: Glen Etive to Glen Lochy,Argyll and Bute,897,169,"2,943",554,50,NN094283,"Ma,C,Sim"
27,Beinn Bhàn,13B: Applecross to Achnasheen,Highland,896,851,"2,940","2,792",24,NG803450,"Ma,C,Sim"
28,Ben Tirran,07B: Braemar to Montrose,Angus,896,244,"2,940",801,44,NO373746,"Ma,C,Sim"
29,Ruadh-stac Beag,13A: Loch Torridon to Loch Maree,Highland,896,181,"2,940",594,19,NG972613,"Ma,C,Sim"
30,Gairbeinn,09B: Glen Albyn and the Monadh Liath,Highland,895.5,211,"2,938",692,34,NN460985,"Ma,C,Sim"
31,Creag Mhòr,08B: Cairngorms,Moray,895,167,"2,936",548,36,NJ057047,"Ma,C,Sim"
32,Beinn a' Chuallaich,05A: Loch Ericht to Glen Tromie & Glen Garry,Perth and Kinross,892,527,"2,927","1,729",42,NN684617,"Ma,C,Sim"
33,An Ruadh-stac,13B: Applecross to Achnasheen,Highland,890.4,327,"2,921","1,079",25,NG921480,"Ma,C,Sim"
34,Beinn Enaiglair,15A: Loch Broom to Strath Oykel,Highland,890,234,"2,920",768,20,NH225805,"Ma,C,Sim"
35,Aonach Shasuinn,11B: Glen Affric to Glen Moriston,Highland,888,237,"2,913",778,34,NH173180,"Ma,C,Sim"
36,Creagan na Beinne,01A: Loch Tay to Perth,Perth and Kinross,888,455,"2,913","1,493",51 52,NN744368,"Ma,C,Sim"
37,Sgùrr Dhòmhnuill,18B: Sunart and Ardgour,Highland,888,873,"2,913","2,864",40,NM889678,"Ma,C,Sim"
38,Ben Aden,10B: Knoydart to Glen Kingie,Highland,887,251,"2,910",823,33 40,NM899986,"Ma,C,Sim"
39,Meall a' Ghiubhais,13A: Loch Torridon to Loch Maree,Highland,887,418,"2,910","1,371",19,NG976634,"Ma,C,Sim"
40,Beinn a' Chaisteil,02B: Glen Lyon to Glen Dochart & Loch Tay,Argyll and Bute/Perth and Kinross,886,467,"2,907","1,532",50,NN347364,"Ma,C,Sim"
41,Buidhe Bheinn,10A: Glen Shiel to Loch Hourn and Loch Quoich,Highland,885.5,165,"2,905",525,33,NG963090,"Ma,C,Sim"
42,Garbh Bheinn,18B: Sunart and Ardgour,Highland,885,687,"2,904","2,254",40,NM904622,"Ma,C,Sim"
43,Cam Chreag,02B: Glen Lyon to Glen Dochart & Loch Tay,Argyll and Bute/Perth and Kinross/Stirling,884,159,"2,900",522,50,NN375346,"Ma,C,Sim"
44,The Cobbler,01D: Inveraray to Crianlarich,Argyll and Bute,884,256,"2,900",840,56,NN259058,"Ma,C,Sim"
45,Beinn Odhar Bheag,18A: Moidart and Ardnamurchan,Highland,883.3,775,"2,898","1,719",40,NM846778,"Ma,C,Sim"
46,Stob Dubh,03C: Glen Etive to Glen Lochy,Highland,883,521,"2,897","1,709",50,NN166488,"Ma,C,Sim"
47,Rois-Bheinn,18A: Moidart and Ardnamurchan,Highland,882,524,"2,894","2,539",40,NM756778,"Ma,C,Sim"
48,Beinn Chùirn,01D: Inveraray to Crianlarich,Argyll and Bute/Stirling,880,446,"2,887","1,463",50,NN280292,"Ma,C,Sim"
49,Sgurr Mhurlagain,10B: Knoydart to Glen Kingie,Highland,880,515,"2,887","1,690",33,NN012944,"Ma,C,Sim"
50,Ben Ledi,01C: Loch Lomond to Strathyre,Stirling,879,528,"2,884","1,732",57,NN562097,"Ma,C,Sim"
51,Creag Uchdag,01A: Loch Tay to Perth,Perth and Kinross/Stirling,879,273,"2,884",896,51 52,NN708323,"Ma,C,Sim"
52,Fraochaidh,03B: Loch Linnhe to Loch Etive,Argyll and Bute/Highland,879,551,"2,884","1,808",41,NN029517,"Ma,C,Sim"
53,Sguman Coinntich,12B: Killilan to Inverness,Highland,879,415,"2,884","1,362",25,NG977303,"Ma,C,Sim"
54,Sgurr a' Mhuilinn,12A: Kyle of Lochalsh to Garve,Highland,878.8,580,"2,883","1,903",25,NH264557,"Ma,C,Sim"
55,Càrn an Fhreiceadain,09B: Glen Albyn and the Monadh Liath,Highland,878,172,"2,881",564,35,NH725071,"Ma,C,Sim"
56,A' Chaoirnich,06A: Glen Tromie to Glen Tilt,Highland,875,213,"2,871",699,42,NN735807,"Ma,C,Sim"
57,Baosbheinn,13A: Loch Torridon to Loch Maree,Highland,875,443,"2,871","1,453",19 24,NG870654,"Ma,C,Sim"
58,Goat Fell,20C: Arran and Holy Island,North Ayrshire,875,875,"2,871","2,867",62 69,NR991415,"Ma,C,Sim,CoH, CoU,SIB"
59,Sgùrr na Ba Glaise,18A: Moidart and Ardnamurchan,Highland,874,173,"2,867",568,40,NM770777,"Ma,C,Sim"
60,Ben Hee,16B: Durness to Loch Shin,Highland,873,607,"2,864","1,991",16,NC426339,"Ma,C,Sim"
61,Morven,21A: Tomintoul to Banff,Aberdeenshire,872,387,"2,861","1,270",37,NJ376039,"Ma,C,Sim"
62,Sgorr nan Lochan Uaine,13B: Applecross to Achnasheen,Highland,871,206,"2,858",676,25,NG969531,"Ma,C,Sim"
63,Stob a' Choin,01C: Loch Lomond to Strathyre,Stirling,869,480,"2,851","1,575",56,NN417159,"Ma,C,Sim"
64,Faochaig,12B: Killilan to Inverness,Highland,868,230,"2,848",755,25,NH021317,"Ma,C,Sim"
65,Bidein a' Chabair,10D: Mallaig to Fort William,Highland,867.5,553,"2,846","1,811",33 40,NM889930,"Ma,C,Sim"
66,Beinn Pharlagain,04B: Loch Treig to Loch Ericht,Perth and Kinross,867.3,190,"2,845",627,42,NN448642,"Ma,C,Sim"
67,Garbh Bheinn,03A: Loch Leven to Rannoch Station,Highland,867,332,"2,844","1,089",41,NN169600,"Ma,C,Sim"
68,Càrn a' Choire Ghairbh,11B: Glen Affric to Glen Moriston,Highland,865,201,"2,838",659,34,NH136188,"Ma,C,Sim"
69,Conachcraig,07A: Braemar to Montrose,Aberdeenshire,865,187,"2,838",614,44,NO279865,"Ma,C,Sim"
70,Beinn Mhic Chasgaig,03C: Glen Etive to Glen Lochy,Highland,864,166,"2,835",545,41,NN221502,"Ma,C,Sim"
71,Beinn Tharsuinn,12A: Kyle of Lochalsh to Garve,Highland,863,226,"2,831",741,25,NH055433,"Ma,C,Sim"
72,Creag an Dail Bheag,08B: Cairngorms,Aberdeenshire,863,211,"2,831",692,36 43,NO157981,"Ma,Sim,C"
73,Sgùrr na Feartaig,12A: Kyle of Lochalsh to Garve,Highland,863,267,"2,831",876,25,NH055453,"Ma,C,Sim"
74,Beinn a' Bhathaich Àrd,12A: Kyle of Lochalsh to Garve,Highland,862,241,"2,828",791,26,NH360434,"Ma,C,Sim"
75,Cam Chreag,02A: Loch Rannoch to Glen Lyon,Perth and Kinross,862,166,"2,828",545,51,NN536491,"Ma,C,Sim"
76,Meall na h-Aisre,09B: Glen Albyn and the Monadh Liath,Highland,862,155,"2,828",509,35,NH515000,"Ma,C,Sim"
77,Beinn Luibhean,01D: Inveraray to Crianlarich,Argyll and Bute,859.7,181,"2,821",600,56,NN242079,"Ma,C,Sim"
78,Morrone,06B: Pitlochry to Braemar & Blairgowrie,Aberdeenshire,859.5,157.6,"2,820",509,43,NO132886,"Ma,C,Sim"
79,Beinn Lair,14A: Loch Maree to Loch Broom,Highland,859,455,"2,818","1,493",19,NG981732,"Ma,C,Sim"
80,Caisteal Abhail,20C: Arran and Holy Island,North Ayrshire,859,427,"2,818","1,401",62 69,NR969443,"Ma,C,Sim"
81,Fraoch Bheinn,10B: Knoydart to Glen Kingie,Highland,857.3,399,"2,813","1,313",33 40,NM986940,"Ma,C,Sim"
82,Beinn a' Chrulaiste,03A: Loch Leven to Rannoch Station,Highland,857,464,"2,812","1,522",41,NN246566,"Ma,C,Sim"
83,Càrn Dearg Mòr,06A: Glen Tromie to Glen Tilt,Highland,857,292,"2,812",958,35 43,NN823911,"Ma,C,Sim"
84,Cruach Innse,04A: Fort William to Loch Treig & Loch Leven,Highland,857,306,"2,812","1,004",41,NN279763,"Ma,C,Sim"
85,Beinn a' Chaisgein Mòr,14A: Loch Maree to Loch Broom,Highland,856,345,"2,808","1,132",19,NG982785,"Ma,C,Sim"
86,Beinn an Eoin,13A: Loch Torridon to Loch Maree,Highland,855,434,"2,805","1,424",19,NG905646,"Ma,C,Sim"
87,Beinn Bhuidhe,10B: Knoydart to Glen Kingie,Highland,855,308,"2,805","1,010",33 40,NM821967,"Ma,C,Sim"
88,Stob an Aonaich Mhòir,05A: Loch Ericht to Glen Tromie & Glen Garry,Perth and Kinross,855,230,"2,805",755,42,NN537694,"Ma,C,Sim"
89,Creach Bheinn,18C: Morvern and Kingairloch,Highland,853,755,"2,799","2,477",49,NM870576,"Ma,C,Sim"
90,Meall an t-Seallaidh,01C: Loch Lomond to Strathyre,Stirling,852,427,"2,795","1,401",51,NN542234,"Ma,C,Sim"
91,Bac an Eich,12A: Kyle of Lochalsh to Garve,Highland,849,334,"2,785","1,096",25,NH222489,"Ma,C,Sim"
92,Beinn nan Imirean,02B: Glen Lyon to Glen Dochart & Loch Tay,Stirling,849,185,"2,785",607,51,NN419309,"Ma,C,Sim"
93,Cùl Mòr,16F: Lochinver to Ullapool,Highland,849,651,"2,785","2,136",15,NC162119,"Ma,C,Sim"
94,Sgùrr Ghiubhsachain,18B: Sunart and Ardgour,Highland,849,614,"2,785","2,014",40,NM875751,"Ma,C,Sim"
95,Ben Donich,19C: Loch Fyne to Bute and the Firth of Clyde,Argyll and Bute,847,558,"2,779","1,831",56,NN218043,"Ma,C,Sim"
96,Canisp,16F: Lochinver to Ullapool,Highland,847,689,"2,779","2,260",15,NC202187,"Ma,C,Sim"
97,Beinn Resipol,18B: Sunart and Ardgour,Highland,845,502,"2,772","1,647",40,NM766654,"Ma,C,Sim"
98,Merrick,27B: Carrick and Galloway,Dumfries and Galloway,843,705,"2,766","2,313",77,NX427855,"Ma,C,Sim,D, CoH,CoU,CoA"
99,Ben Vrackie,06B: Pitlochry to Braemar & Blairgowrie,Perth and Kinross,842,403,"2,762","1,322",43,NN950632,"Ma,C,Sim"
100,Càrn Bàn,15A: Loch Broom to Strath Oykel,Highland,842,204,"2,762",669,20,NH338875,"Ma,C,Sim"
101,Beinn Mholach,05A: Loch Ericht to Glen Tromie & Glen Garry,Perth and Kinross,841.7,196,"2,761",643,42,NN587654,"Ma,C,Sim"
102,Sgùrr an Airgid,11A: Loch Duich to Cannich,Highland,841.2,394,"2,760","1,294",25 33,NG940227,"Ma,C,Sim"
103,Ben Rinnes,21A: Tomintoul to Banff,Moray,841,513,"2,759","1,683",28,NJ254354,"Ma,C,Sim"
104,Beinn Udlaidh,03C: Glen Etive to Glen Lochy,Argyll and Bute,840.4,522,"2,757","1,713",50,NN280331,"Ma,C,Sim"
105,Broad Law,28B: The River Tweed to the English Border,Scottish Borders,840.1,653,"2,756","2,142",72,NT146235,"Ma,C,Sim,D, CoH,CoU,CoA"
106,Beinn Trilleachan,03B: Loch Linnhe to Loch Etive,Argyll and Bute/Highland,840,478,"2,756","1,568",50,NN086439,"Ma,C,Sim"
107,Càrn Chuinneag,15B: Loch Vaich to Moray Firth,Highland,839,461,"2,753","1,512",20,NH483833,"Ma,C,Sim"
108,Sgùrr Gaorsaic,11A: Loch Duich to Cannich,Highland,839,170,"2,753",558,25 33,NH035218,"Ma,C,Sim"
109,Meallan nan Uan,12A: Kyle of Lochalsh to Garve,Highland,838.3,156.4,"2,750",509,25,NH263544,"Ma,C,Sim"
110,Meall na h-Eilde,10C: Loch Arkaig to Glen Moriston,Highland,837.2,450,"2,747","1,486",34,NN185946,"Ma,C,Sim"
111,Sgùrr Cos na Breachd-laoidh,10B: Knoydart to Glen Kingie,Highland,835,187,"2,740",614,33 40,NM947946,"Ma,C,Sim"
112,Sròn a' Choire Chnapanich,02A: Loch Rannoch to Glen Lyon,Perth and Kinross,835,205.8,"2,740",676,51,NN456453,"Ma,C,Sim"
113,Càrn Dearg,09C: Loch Lochy to Loch Laggan,Highland,834,251,"2,736",823,34 41,NN345887,"Ma,C,Sim"
114,Creag nan Gabhar,07A: Braemar to Montrose,Aberdeenshire,834,178,"2,736",584,43,NO154841,"Ma,C,Sim"
115,Beinn Dearg,02A: Loch Rannoch to Glen Lyon,Perth and Kinross,830,201,"2,723",659,51,NN608497,"Ma,C,Sim"
116,Brown Cow Hill,08B: Cairngorms,Aberdeenshire,829,295,"2,720",968,36,NJ221044,"Ma,C,Sim"
117,Càrn Mòr,10D: Mallaig to Fort William,Highland,829,613,"2,720","2,011",33 40,NM903909,"Ma,C,Sim"
118,An Dùn,05B: Loch Ericht to Glen Tromie & Glen Garry,Highland/Perth and Kinross,827.4,232,"2,715",761,42,NN716801,"Ma,Sim,C"
119,Beinn Tarsuinn,20C: Arran and Holy Island,North Ayrshire,826,236.9,"2,710",771,62 69,NR960412,"Ma,C,Sim"
120,Geal-chàrn Mòr,09B: Glen Albyn and the Monadh Liath,Highland,824,227,"2,703",745,35,NH836123,"Ma,C,Sim"
121,Benvane,01C: Loch Lomond to Strathyre,Stirling,821,215,"2,694",705,57,NN535137,"Ma,C,Sim"
122,Geal Chàrn,08B: Cairngorms,Highland,821,173,"2,694",568,36,NJ090126,"Ma,C,Sim"
123,White Coomb,28B: The River Tweed to the English Border,Dumfries and Galloway,821,374,"2,694","1,227",79,NT163150,"Ma,C,Sim,D,CoH"
124,Beinn Dearg Bheag,14A: Loch Maree to Loch Broom,Highland,820,225,"2,690",738,19,NH019811,"Ma,C,Sim"
125,Beinn Chaorach,02B: Glen Lyon to Glen Dochart & Loch Tay,Argyll and Bute/Stirling,818,180,"2,684",591,50,NN358328,"Ma,C,Sim"
126,Càrn na Drochaide,08B: Cairngorms,Aberdeenshire,818,222,"2,684",728,36 43,NO127938,"Ma,C,Sim"
127,Sgorr na Diollaid,12B: Killilan to Inverness,Highland,818,306,"2,684","1,004",25,NH281362,"Ma,C,Sim"
128,Càrn a' Chuilinn,09B: Glen Albyn and the Monadh Liath,Highland,817,178,"2,680",584,34,NH416034,"Ma,C,Sim"
129,Càrn Dearg,09B: Glen Albyn and the Monadh Liath,Highland,817,201,"2,680",659,34,NN349966,"Ma,C,Sim"
130,Stob Coire Creagach,01D: Inveraray to Crianlarich,Argyll and Bute,817,504,"2,680","1,654",50 56,NN230109,"Ma,C,Sim"
131,Breabag,16E: Scourie to Lairg,Highland,815,307,"2,674","1,007",15,NC286157,"Ma,C,Sim"
132,An Sìthean,12A: Kyle of Lochalsh to Garve,Highland,814,270,"2,671",886,25,NH171453,"Ma,C,Sim"
133,An Stac,18A: Moidart and Ardnamurchan,Highland,814,255,"2,671",837,40,NM762792,"Ma,C,Sim"
134,Corserine,27B: Carrick and Galloway,Dumfries and Galloway,814,488,"2,671","1,601",77,NX497870,"Ma,C,Sim,D"
135,Beinn Each,01B: Strathyre to Strathallan,Stirling,813,158,"2,667",518,57,NN601158,"Ma,C,Sim"
136,Sgor Mòr,08A: Cairngorms,Aberdeenshire,813,234,"2,667",768,43,NO007914,"Ma,C,Sim"
137,Askival,"17D: Canna, Rhum and Eigg",Highland,812,812,"2,664","2,664",39,NM393952,"Ma,C,Sim,SIB"
138,Càrn na Saobhaidhe,09B: Glen Albyn and the Monadh Liath,Highland,811.1,170,"2,661",558,35,NH598144,"Ma,C,Sim"
139,Creach Bheinn,03B: Loch Linnhe to Loch Etive,Argyll and Bute,810,245,"2,657",804,50,NN023422,"Ma,C,Sim"
140,Meall a' Bhuachaille,08A: Cairngorms,Highland,810,436,"2,657","1,430",36,NH990115,"Ma,C,Sim"
141,Meall na Fearna,01B: Strathyre to Strathallan,Perth and Kinross,809,236,"2,654",774,57,NN650186,"Ma,C,Sim"
142,Quinag - Sail Gharbh,16E: Scourie to Lairg,Highland,809,550,"2,654","1,804",15,NC209292,"Ma,C,Sim"
143,Sgùrr Innse,04A: Fort William to Loch Treig & Loch Leven,Highland,809,216,"2,654",709,41,NN290748,"Ma,C,Sim"
144,Creag Mac Ranaich,01C: Loch Lomond to Strathyre,Stirling,808.6,213,"2,653",699,51,NN545255,"Ma,C,Sim"
145,Garbh-bheinn,17B: Minginish and the Cuillin Hills,Highland,808,181,"2,651",594,32,NG531232,"Ma,C,Sim"
146,Hart Fell,28B: The River Tweed to the English Border,Dumfries and Galloway/Scottish Borders,808,200,"2,651",656,78,NT113135,"Ma,C,Sim,D"
147,Creag Rainich,14A: Loch Maree to Loch Broom,Highland,807,451,"2,648","1,480",19,NH096751,"Ma,C,Sim"
148,Monamenach,07A: Braemar to Montrose,Angus/Perth and Kinross,807,199,"2,648",653,43,NO176706,"Ma,C,Sim"
149,Beinn nam Fuaran,02B: Glen Lyon to Glen Dochart & Loch Tay,Argyll and Bute/Perth and Kinross,806,260,"2,644",853,50,NN361381,"Ma,C,Sim"
150,Ben Gulabin,06B: Pitlochry to Braemar & Blairgowrie,Perth and Kinross,806,203,"2,644",666,43,NO100722,"Ma,C,Sim"
151,Meall nan Subh,02B: Glen Lyon to Glen Dochart & Loch Tay,Perth and Kinross,806,214,"2,644",702,51,NN460397,"Ma,C,Sim"
152,Beinn Iaruinn,09C: Loch Lochy to Loch Laggan,Highland,805,446,"2,641","1,463",34,NN296900,"Ma,C,Sim"
153,Beinn na h-Eaglaise,10A: Glen Shiel to Loch Hourn and Loch Quoich,Highland,805,201,"2,641",659,33,NG854120,"Ma,C,Sim"
154,Càrn Mòr,21A: Tomintoul to Banff,Aberdeenshire/Moray,804,349,"2,638","1,145",37,NJ265183,"Ma,C,Sim"
155,Geal Chàrn,10C: Loch Arkaig to Glen Moriston,Highland,804,156,"2,638",512,34,NN156942,"Ma,C,Sim"
156,The Sow of Atholl,05A: Loch Ericht to Glen Tromie & Glen Garry,Perth and Kinross,803,166,"2,635",545,42,NN625741,"Ma,C,Sim"
157,Beinn Bhreac-liath,03C: Glen Etive to Glen Lochy,Argyll and Bute,802,215,"2,631",705,50,NN302339,"Ma,C,Sim"
158,Cranstackie,16B: Durness to Loch Shin,Highland,801,560,"2,628","1,837",9,NC350556,"Ma,C,Sim"
159,Meallan Liath Coire Mhic Dhùghaill,16B: Durness to Loch Shin,Highland,801,349,"2,628","1,145",15,NC357391,"Ma,C,Sim"
160,An Cliseam,24B: Harris and Nearby Islands,Na h-Eileanan Siar,799,799,"2,621","2,621",13 14,NB154073,"Ma,C,Sim, CoU,CoA,SIB"
161,Am Bàthach,11A: Loch Duich to Cannich,Highland,798.1,232.4,"2,618",758,33,NH073143,"Ma,C,Sim"
162,Cìr Mhòr,20C: Arran and Holy Island,North Ayrshire,798.1,176.6,"2,618",574,62 69,NR972431,"Ma,C,Sim"
163,Beinn Dronaig,12A: Kyle of Lochalsh to Garve,Highland,797,434,"2,615","1,424",25,NH037381,"Ma,C,Sim"
164,Cairnsmore of Carsphairn,27C: The Glenkens to Annandale,Dumfries and Galloway,797,582,"2,615","1,909",77,NX594979,"Ma,C,Sim,D"
165,Beinn Bhàn,10D: Mallaig to Fort William,Highland,796,495,"2,612","1,624",34 41,NN140857,"Ma,C,Sim"
166,Beinn Mhic-Mhonaidh,03C: Glen Etive to Glen Lochy,Argyll and Bute,796,420,"2,612","1,378",50,NN208350,"Ma,C,Sim"
167,Mam na Gualainn,04A: Fort William to Loch Treig & Loch Leven,Highland,796,461,"2,612","1,512",41,NN115625,"Ma,C,Sim"
168,Sgùrr an Utha,10D: Mallaig to Fort William,Highland,796,499,"2,612","1,637",40,NM885839,"Ma,C,Sim"
169,Sgùrr Coire Choinnichean,10B: Knoydart to Glen Kingie,Highland,796,304,"2,612",997,33,NG790010,"Ma,C,Sim"
170,Beinn Airigh Charr,14A: Loch Maree to Loch Broom,Highland,792,477,"2,598","1,565",19,NG930761,"Ma,C,Sim"
171,Beinn Leoid,16E: Scourie to Lairg,Highland,792,495,"2,598","1,624",15,NC320294,"Ma,C,Sim"
172,Càrn Ealasaid,08B: Cairngorms,Aberdeenshire/Moray,792,156,"2,598",512,36,NJ227117,"Ma,C,Sim"
173,Glas Bheinn,04A: Fort William to Loch Treig & Loch Leven,Highland,792,388,"2,598","1,273",41,NN258641,"Ma,C,Sim"
174,Sgùrr a' Chaorachain,13B: Applecross to Achnasheen,Highland,792,210,"2,598",689,24,NG796417,"Ma,C,Sim"
175,Auchnafree Hill,01A: Loch Tay to Perth,Perth and Kinross,789,211,"2,589",692,52,NN808308,"Ma,C,Sim"
176,Beinn Loinne,10A: Glen Shiel to Loch Hourn and Loch Quoich,Highland,789,354,"2,589","1,161",34,NH130076,"Ma,C,Sim"
177,Meall Dubh,10C: Loch Arkaig to Glen Moriston,Highland,789,544,"2,589","1,785",34,NH245078,"Ma,C,Sim"
178,The Brack,19C: Loch Fyne to Bute and the Firth of Clyde,Argyll and Bute,787.5,403,"2,584","1,322",56,NN245030,"Ma,C,Sim"
179,Arkle,16B: Durness to Loch Shin,Highland,787,392,"2,582","1,286",9,NC302461,"Ma,C,Sim"
180,Beinn a' Chaisteil,15B: Loch Vaich to Moray Firth,Highland,787,280,"2,582",919,20,NH369801,"Ma,C,Sim"
181,Meall Tàirneachan,02A: Loch Rannoch to Glen Lyon,Perth and Kinross,787,420,"2,582","1,378",52,NN807543,"Ma,C,Sim"
182,Càrn na Nathrach,18B: Sunart and Ardgour,Highland,786,382,"2,579","1,253",40,NM886698,"Ma,C,Sim"
183,Beinn an Òir,"20A: Jura, Scarba and Colonsay",Argyll and Bute,785,785,"2,575","2,575",60 61,NR498749,"Ma,C,Sim,SIB"
184,Beinn na Caillich,10B: Knoydart to Glen Kingie,Highland,785,317,"2,575","1,040",33,NG795066,"Ma,C,Sim"
185,Beinn Mhic Ceididh,18A: Moidart and Ardnamurchan,Highland,783,296,"2,569",971,40,NM828788,"Ma,C,Sim"
186,Farragon Hill,02A: Loch Rannoch to Glen Lyon,Perth and Kinross,782.4,185.6,"2,567",609,52,NN840553,"Ma,C,Sim"
187,Sgùrr Dubh,13B: Applecross to Achnasheen,Highland,782,215,"2,566",705,25,NG979557,"Ma,C,Sim"
188,Ainshval,"17D: Canna, Rhum and Eigg",Highland,781,326,"2,562","1,070",39,NM378943,"Ma,C,Sim"
189,Corryhabbie Hill,21A: Tomintoul to Banff,Moray,781,278,"2,562",912,37,NJ280288,"Ma,C,Sim"
190,Beinn Bheula,19C: Loch Fyne to Bute and the Firth of Clyde,Argyll and Bute,779,557,"2,556","1,827",56,NS154983,"Ma,C,Sim"
191,Sgùrr Mhic Bharraich,10A: Glen Shiel to Loch Hourn and Loch Quoich,Highland,779,317,"2,556","1,040",33,NG917173,"Ma,C,Sim"
192,Meall nam Maigheach,02B: Glen Lyon to Glen Dochart & Loch Tay,Perth and Kinross,778.9,176,"2,555",577,51,NN586435,"Ma,C,Sim"
193,Mount Battock,07B: Braemar to Montrose,Aberdeenshire/Angus,778,286,"2,552",938,44,NO549844,"Ma,C,Sim,CoH"
194,Meall na Leitreach,05A: Loch Ericht to Glen Tromie & Glen Garry,Perth and Kinross,777.1,331,"2,550","1,086",42,NN640702,"Ma,C,Sim"
195,Meall Horn,16B: Durness to Loch Shin,Highland,777,264,"2,549",866,9,NC352449,"Ma,C,Sim"
196,Glas Bheinn,16E: Scourie to Lairg,Highland,776,159,"2,546",522,15,NC254265,"Ma,C,Sim"
197,Quinag - Sàil Gorm,16E: Scourie to Lairg,Highland,776,158,"2,546",518,15,NC198304,"Ma,C,Sim"
198,Glamaig - Sgùrr Mhàiri,17B: Minginish and the Cuillin Hills,Highland,775,486,"2,543","1,594",32,NG513300,"Ma,C,Sim"
199,Sgorr Craobh a' Chaorainn,18B: Sunart and Ardgour,Highland,775,187,"2,543",614,40,NM895757,"Ma,C,Sim"
200,Shalloch on Minnoch,27B: Carrick and Galloway,South Ayrshire,774.2,193.6,"2,540",635,77,NX407905,"Ma,C,Sim,D"
201,Beinn nan Caorach,10A: Glen Shiel to Loch Hourn and Loch Quoich,Highland,774,227,"2,539",745,33,NG871121,"Ma,C,Sim"
202,Beinn Spionnaidh,16B: Durness to Loch Shin,Highland,773,211,"2,536",692,9,NC361572,"Ma,C,Sim"
203,Meall a' Phubuill,10D: Mallaig to Fort William,Highland,772.7,467,"2,535","1,535",41,NN029854,"Ma,C,Sim"
204,Meall Lighiche,03B: Loch Linnhe to Loch Etive,Highland,772,247,"2,533",810,41,NN094528,"Ma,C,Sim"
205,Beinn Stacach,01C: Loch Lomond to Strathyre,Stirling,771.8,364,"2,532","1,191",57,NN474163,"Ma,C,Sim"
206,Stob Coire a' Chearcaill,18B: Sunart and Ardgour,Highland,771,575,"2,530","1,886",41,NN016726,"Ma,C,Sim"
207,Druim Tarsuinn,18B: Sunart and Ardgour,Highland,770,259,"2,526",850,40,NM874727,"Ma,C,Sim"
208,Cùl Beag,16F: Lochinver to Ullapool,Highland,769.4,546,"2,524","1,791",15,NC140088,"Ma,C,Sim"
209,Meallach Mhòr,06A: Glen Tromie to Glen Tilt,Highland,769,232,"2,523",761,35,NN776908,"Ma,C,Sim"
210,Beinn a' Chòin,01C: Loch Lomond to Strathyre,Argyll and Bute/Stirling,768.7,345,"2,522","1,132",50 56,NN354130,"Ma,C,Sim"
211,Càrn Dearg,09B: Glen Albyn and the Monadh Liath,Highland,768,196,"2,520",643,34,NN357948,"Ma,C,Sim"
212,Sail Mhòr,14A: Loch Maree to Loch Broom,Highland,767,322,"2,516","1,056",19,NH032887,"Ma,C,Sim"
213,Beinn Liath Mhòr a' Ghiubhais,14B: The Fannaichs,Highland,766,281,"2,513",922,20,NH280713,"Ma,C,Sim"
214,Dùn da Ghaoithe,17E: Mull and Nearby Islands,Argyll and Bute,766,659,"2,513","2,162",49,NM672362,"Ma,C,Sim"
215,Fuar Bheinn,18C: Morvern and Kingairloch,Highland,766,226,"2,513",741,49,NM853563,"Ma,C,Sim"
216,Bràigh nan Uamhachan,10D: Mallaig to Fort William,Highland,765,276,"2,510",906,40,NM975866,"Ma,C,Sim"
217,Ben Loyal - An Caisteal,16B: Durness to Loch Shin,Highland,764.2,609,"2,507","1,998",10,NC578488,"Ma,C,Sim"
218,Meall an Fhudair,01D: Inveraray to Crianlarich,Argyll and Bute,764,382,"2,507","1,253",50 56,NN270192,"Ma,C,Sim"
219,Quinag - Spidean Coinich,16E: Scourie to Lairg,Highland,764,192,"2,507",630,15,NC206277,"Ma,C,Sim"
220,Cnoc Coinnich,19C: Loch Fyne to Bute and the Firth of Clyde,Argyll and Bute,763.5,273.6,"2,505",906,56,NN233007,"Ma,C,Sim,xG"
221,Little Wyvis,15B: Loch Vaich to Moray Firth,Highland,763,249,"2,503",817,20,NH429644,"Ma,C,Sim"
222,Beinn na h-Uamha,18B: Sunart and Ardgour,Highland,762.4,269,"2,501",883,40,NM917664,"Ma,C,Sim"
